rank	candidate_axis	key_genes	target_cell_compartment	biological_mechanism	cross_cohort_repro_20	single_cell_specificity_15	crlm_enrichment_10	spatial_evidence_15	cd8_exclusion_assoc_10	ligand_receptor_coherence_10	clinical_association_5	genetic_evidence_5	druggability_5	novelty_score_5	collision_penalty	composite_score	is_saturated_collision	collision_audit_note	druggability_class	lead_therapeutic_agents
1	Collagen/C1q - LAIR1 Matrix Checkpoint	COL1A1/COL3A1/C1QA	myCAF / Macrophage -> CD8 T	Bona fide fibrillar collagen and complement C1q ligands engaging inhibitory LAIR1 within the myeloid-stromal compartment, co-localizing with matrix-mediated immune exclusion	19.5	14.5	9.5	14.5	9.5	9.5	4.8	2.0	4.8	4.5	0.0	93.1	False		Clinical-Stage Checkpoint Decoy / mAb	NC410 (LAIR-2 Fc decoy, Phase 1); NGM438 (LAIR1/2 antagonist mAb, Phase 1 NCT05276609)
2	Endothelin - Adhesion Vascular Program	EDN1/EDNRA/EDNRB	Endothelial / Mural Stroma	EDN1 drive with endothelial-specific EDNRB downregulation and loss of ICAM1/SELE/ACKR1, sustaining endothelial anergy	19.5	14.5	9.5	14.0	9.5	9.0	4.8	2.0	4.5	4.5	0.0	91.8	False		Approved / Investigational GPCR Antagonists	Selective ETBR antagonists (e.g., BQ-788 preclinical benchmark); Dual ETAR/ETBR antagonists (Bosentan, Macitentan: hypothesis-generating repurposing candidates)
3	VEGF - Neuropilin-1 (NRP1) Axis	VEGFA	Hypoxic Tumor / Endothelial	High angiogenic drive uncoupled from leukocyte recruitment, sustaining immature anergic vasculature	19.5	14.5	9.5	13.0	8.5	8.5	4.8	2.0	4.5	3.5	0.0	88.3	False		Approved / Clinical Biologics	Bevacizumab, Aflibercept, anti-NRP1 monoclonal antibodies
4	Biglycan - Matrix Proteoglycan Axis	BGN	myCAF / Perivascular	Small leucine-rich proteoglycan driving dense matrix remodeling and perivascular stiffness in CRLM	19.5	14.5	9.5	13.0	8.5	7.0	4.8	2.0	3.2	4.0	0.0	86.0	False		Preclinical Matrix Modifier	Experimental anti-BGN antibodies, TLR4 neutralizing agents
5	Lysyl Oxidase Crosslinking Axis	LOX	Contractile myCAF	Matrix crosslinking enzyme mediating collagen fibril stiffening and immune exclusion	17.0	14.5	8.5	13.0	8.5	7.0	4.2	2.0	4.5	3.5	0.0	82.7	False		Clinical Small-Molecule Inhibitor	Simtuzumab (anti-LOXL2, Phase 2 completed); PXS-5505 (pan-LOX inhibitor)
6	Periostin - Integrin Axis	POSTN	myCAF	Matricellular protein promoting stromal encapsulation and physical barrier to CD8+ infiltration	17.0	14.5	8.5	13.0	8.5	7.0	4.2	2.0	3.2	3.5	0.0	81.4	False		Preclinical Biologics	Inhibitory anti-POSTN antibodies, integrin alpha_v_beta_3/beta_5 antagonists
7	Atypical Chemokine Receptor 1 (ACKR1)	ACKR1	Post-capillary Venule EC	Venular atypical receptor mediating chemokine transcytosis; downregulated in CRLM vessels impairing lymphocyte extravasation	17.0	11.0	8.5	12.0	8.5	8.5	4.2	2.0	3.2	4.0	0.0	78.9	False		Target Discovery / Agonist Search	Small-molecule ACKR1 modulators, chemokine-mimetic peptides
8	LAIR1 Receptor (CD8 Target)	LAIR1	CD8+ T / NK cells	Direct inhibitory collagen receptor carrying ITIM domains; target for immune checkpoint blockade	17.0	13.5	8.5	12.0	8.5	7.0	4.2	2.0	2.5	3.5	0.0	78.7	False		Clinical-Stage Antibody	NGM438 (antagonist mAb), NC410 (decoy fusion)
9	E-Selectin (Endothelial Anergy Marker)	SELE	Endothelial	Leukocyte rolling adhesion molecule suppressed in CRLM anergic vessels	17.0	14.5	8.5	12.0	7.0	7.0	3.5	2.0	2.5	3.5	0.0	77.5	False		Approved / Investigational Selectin Agonist	Upregulatory cytokines, endothelial normalizing agents
10	CD73 / Adenosine Metabolic Axis	NT5E	CAF / Endothelial	Ecto-5'-nucleotidase converting extracellular AMP into immunosuppressive adenosine	17.0	14.5	7.0	9.5	7.0	7.0	4.2	2.0	4.5	3.5	0.0	76.2	False		Clinical-Stage Small Molecule / mAb	Oleclumab (anti-CD73 mAb), AB680 (small molecule inhibitor)
11	TIM-3 / HAVCR2 Checkpoint	HAVCR2	Dysfunctional CD8 T / TAM	Alternative immune checkpoint upregulated in dense tumor-infiltrating lymphocytes	14.0	13.5	7.0	9.5	7.0	7.0	3.5	2.0	4.5	3.5	0.0	71.5	False		Clinical-Stage Checkpoint mAb	Sabatolimab (anti-TIM-3, Phase 2/3)
12	Ephrin-B2 / EphB4 Mural Axis	EFNB2	Vascular Mural / Pericyte	Perivascular coverage and vessel maturation regulator governing vascular barrier permeability	14.0	11.0	7.0	9.5	7.0	8.5	3.5	2.0	2.5	4.0	0.0	69.0	False		Clinical-Stage Kinase / Decoy	Soluble EphB4-HSA decoy, Eph kinase inhibitors
13	Solitary SPP1+ Macrophages	SPP1	TAM	Pro-fibrotic TAM marker extensively published in >40 CRC papers (pan-cancer saturated)	17.0	13.5	9.5	9.5	7.0	7.0	3.5	2.0	2.5	1.0	-30.0	42.5	True	Saturated collision: pan-cancer solitary TAM marker	Preclinical Antibody	Experimental anti-SPP1 antibodies
14	COMP - CD47 Senescence Axis	COMP	Senescent CAF	Cellular senescence CAF checkpoint associated with CD8 exclusion via COMP-CD47 (saturated Aug 2026)	14.0	11.0	7.0	12.0	7.0	7.0	3.5	2.0	2.5	1.0	-30.0	37.0	True	Saturated collision: reported Aug 2026	Preclinical Biologics	Magrolimab (anti-CD47)
15	Glial-Tip Boundary Niche (PLP1/ESM1)	ESM1	Tip Endothelial	Glial-tip invasive boundary cell niche (saturated by Cancer Research Sept 2026)	11.0	14.5	7.0	9.5	7.0	7.0	3.5	2.0	2.5	1.0	-30.0	35.0	True	Saturated collision: Cancer Research Sept 2026	Preclinical Biologics	Experimental tip-cell targeting agents
16	FAIM2 - CES1 ER Stress Pathway	FAIM2	CAF	ER stress and lipid reprogramming in MSS CRC CAFs (saturated by JECR Sept 15, 2026)	14.0	11.0	7.0	9.5	7.0	7.0	3.5	2.0	2.5	1.0	-30.0	34.5	True	Saturated collision: JECR Sept 15, 2026	Preclinical Target	Experimental ER stress modulators
17	Generic FAP/COL1A1 CAF Signature	FAP	CAF	Pan-cancer generic CAF activation marker without metastasis-specific mechanistic resolution	14.0	11.0	7.0	9.5	7.0	7.0	3.5	2.0	2.5	1.0	-30.0	34.5	True	Saturated collision: generic pan-cancer CAF marker	Clinical-Stage Radioligand / CAR-T	FAP-targeted radioligands, CAR-T
18	Solitary CTHRC1+ CAF Marker	CTHRC1	Activated CAF	Solitary activated CAF state (saturated in recent colon fibroblast atlases)	11.0	11.0	7.0	9.5	7.0	7.0	3.5	2.0	2.5	1.0	-30.0	31.5	True	Saturated collision: saturated in recent single-cell atlases	Preclinical Antibody	Experimental anti-CTHRC1 antibodies
19	CXCL12 - CXCR4 Chemokine Axis	CXCL12	CAF	Classic chemokine retention axis (textbook biology, saturated)	11.0	11.0	7.0	9.5	7.0	7.0	3.5	2.0	2.5	1.0	-30.0	31.5	True	Saturated collision: classic chemokine trapping	Approved / Clinical Antagonist	Plerixafor (CXCR4 antagonist)
20	Classical TGF-beta 1 Monotherapy	TGFB1	Stroma / CAF	Monolithic TGF-beta pathway (heavily saturated, negative Phase 3 monotherapy trials)	11.0	11.0	7.0	9.5	7.0	7.0	3.5	2.0	2.5	1.0	-30.0	31.5	True	Saturated collision: monolithic TGFB1 saturated	Clinical Biologics	Bintrafusp alfa, Galunisertib
21	Syndecan-4 Matrix Stiffness	SDC4	Stroma	SDC4 reported in matrix stiffness papers (saturated)	11.0	11.0	7.0	9.5	7.0	7.0	3.5	2.0	2.5	1.0	-30.0	31.5	True	Saturated collision: matrix stiffness candidate	Preclinical	Experimental peptides
22	PIGT Glycosylation Axis	PIGT	Stroma / Epithelial	PIGT reported in recent CRC metastasis publications	11.0	11.0	7.0	9.5	7.0	7.0	3.5	2.0	2.5	1.0	-30.0	31.5	True	Saturated collision: reported in recent metastasis studies	Preclinical	None approved
