accession	platform	sample_size	sample_type	patient_number	paired_or_unpaired	treatment_history	MSS_or_MSI	raw_or_processed	endpoint	usage_role
GSE178318	Illumina NovaSeq 6000 (10x 3' v3)	15 samples (53,425 cells)	Primary CRC, CRLM, Normal Liver/Colon, PBMC	8 patients (paired primary-CRLM)	Paired primary-CRLM and blood	Preoperative chemotherapy (FOLFOX/XELOX) vs Chemo-naive	MSS (pMMR) confirmed	Raw counts + Cell metadata (h5/mtx)	Chemotherapy response & immune cell remodeling	Primary Single-Cell Discovery Cohort
GSE164522	Illumina HiSeq X Ten (10x 3' v2)	17 samples (31,894 cells)	Primary CRC, paired liver metastases, and adjacent normal tissues	10 patients	Paired primary-metastasis	Chemo-naive surgical resections	MSS (pMMR) dominant	Count matrix + UMAP metadata	Phenotypic linkage across metastatic trajectory	Independent Single-Cell Validation Cohort
GSE217414	10x Genomics Visium Spatial Gene Expression	4 tissue sections (14,820 spatial spots)	Human colorectal cancer liver metastasis (CRLM) surgical biopsies	4 patients	Unpaired CRLM lesions	All 4 patients received neoadjuvant chemotherapy/targeted therapy	MSS (pMMR)	Filtered feature matrices, spatial coords, H&E alignment	Spatial transcriptomic architecture & cellular colocalization	Spatial Transcriptomics Discovery (IEN Modeling)
GSE225857	10x Chromium scRNA-seq + Visium Spatial	8 samples (scRNA + spatial)	Liver metastatic colorectal cancer	4 patients	CRLM tumor core vs invasive margin	Mixed (post-systemic chemotherapy)	MSS	Processed matrix & spatial coordinates	Invasive margin spatial heterogeneity	Independent Spatial Validation Cohort
GSE50760	Illumina HiSeq 2000 (RNA-seq)	54 samples	Primary CRC, paired liver metastasis, normal colon mucosa	18 patients (triplet-matched)	Strictly Paired (Primary, CRLM, Normal)	Pre-treatment surgical resections	MSS dominant (>85%)	Raw counts + FPKM normalized	Metastatic progression transcriptome	Bulk Discovery Cohort 1 (Paired Primary vs CRLM)
GSE159216	Illumina NextSeq 500 (RNA-seq)	283 samples	Surgically resected CRLM tissue	283 patients	Independent CRLM cohort	Documented perioperative chemotherapy records	MSS (>90%)	Normalized log2 expression + Clinical data	Overall survival (OS) and recurrence-free survival (RFS)	Bulk Prognostic & Immune Exclusion Validation Cohort
GSE213402	Illumina NovaSeq 6000 (RNA-seq)	40 samples	Paired primary colorectal cancer and liver metastasis	20 patients	Strictly Paired primary-CRLM	Chemo-naive resections	MSS (pMMR)	Raw count matrix + metadata	Primary to liver metastasis expression transitions	Bulk Discovery Cohort 2 (Paired Primary vs CRLM)
GSE6988	Affymetrix Human Genome U133 Plus 2.0	123 samples	Primary CRC, liver metastasis, lung metastasis, normal tissues	98 patients	Partially paired	Surgical resections	Unstratified (general CRC)	RMA normalized log2 intensity	Organotropism and metastasis recurrence	Bulk External Meta-Analysis Validation
GSE14297	Affymetrix Human Genome U133A 2.0	48 samples	Primary colorectal tumors and associated liver metastases	18 patients (paired)	Paired primary-CRLM	Chemo-naive	MSS	Normalized expression values	Metastasis-specific gene expression	Bulk External Meta-Analysis Validation
GSE49355	Affymetrix Human Genome U133A	57 samples	Primary colon cancers and hepatic metastases	57 patients	Unpaired comparison	Surgical resection	MSS	Normalized intensity	Extracellular matrix remodeling in liver metastases	ECM / Matrix Stiffness Alignment Benchmark
TCGA-COAD/READ	Illumina HiSeq RNA-seq v2	630 primary colorectal tumors + 51 normal tissues	Primary CRC tumors	630 patients	Independent with matched normal controls	Pre-treatment primary resections	Annotated: MSS (pMMR, N=512) vs MSI-H (dMMR, N=108)	STAR counts + RSEM TPM + Clinical & Mutation data	Overall Survival, Stage, CMS1-4, Metastatic progression (M0 vs M1)	Clinical, Staging, CMS Subtype, and Survival Validation
Zenodo 16523304	Curated Colon Fibroblast Single-Cell & Spatial Atlas	>120,000 stromal cells across multiple cohorts	Normal crypt fibroblasts, adenoma, primary CRC CAFs	>45 donors	Multi-center integration	Diverse	Both (annotated)	Standardized AnnData h5ad with curated cell state annotations	Spatial and transcriptional definition of colon fibroblast states	Independent Fibroblast Marker Benchmark (De-collision Ref)
